Built,n,prop
3.4.0,89,0.4564102564102564
3.4.1,42,0.2153846153846154
3.4.2,24,0.12307692307692308
3.4.3,40,0.20512820512820512
